task,model_name,score,abstention_rate
lawbench_CJFT,alpaca-7b-hf,0.2720536902956411,0.0
lawbench_FLZX,alpaca-7b-hf,0.13747477680859851,0.0
lawbench_FTCS,alpaca-7b-hf,0.09178280957491443,0.0
lawbench_JDZY,alpaca-7b-hf,0.036,0.774
lawbench_JEC-AC,alpaca-7b-hf,0.174,0.186
lawbench_JEC-KD,alpaca-7b-hf,0.046,0.214
lawbench_JETQ,alpaca-7b-hf,0.266,0.122
lawbench_LJP-Accusation,alpaca-7b-hf,0.08046666666666666,0.738
lawbench_LJP-Article,alpaca-7b-hf,0.008799999999999999,0.058
lawbench_LJP-Imprison-fatiao,alpaca-7b-hf,2.7177853173242448,0.372
lawbench_LJP-Imprison,alpaca-7b-hf,1.8893612936456348,0.192
lawbench_WBFL,alpaca-7b-hf,0.19742006256258554,0.12
lawbench_XXCQ,alpaca-7b-hf,0.08299126983348508,0.0
lawbench_YDLJ,alpaca-7b-hf,0.10305180920565461,0.0
lawbench_CJFT,baichuan-13b-base-hf,0.062425180052715405,0.0
lawbench_FLZX,baichuan-13b-base-hf,0.15714872216236736,0.0
lawbench_FTCS,baichuan-13b-base-hf,0.04054849075015704,0.0
lawbench_JDZY,baichuan-13b-base-hf,0.118,0.264
lawbench_JEC-AC,baichuan-13b-base-hf,0.144,0.0
lawbench_JEC-KD,baichuan-13b-base-hf,0.01,0.0
lawbench_JETQ,baichuan-13b-base-hf,0.422,0.016
lawbench_LJP-Accusation,baichuan-13b-base-hf,0.43757142857142806,0.272
lawbench_LJP-Article,baichuan-13b-base-hf,0.5594398680647721,0.002
lawbench_LJP-Imprison-fatiao,baichuan-13b-base-hf,1.223276400856731,0.036
lawbench_LJP-Imprison,baichuan-13b-base-hf,1.0714725235197216,0.012
lawbench_WBFL,baichuan-13b-base-hf,0.4301252969252965,0.04
lawbench_XXCQ,baichuan-13b-base-hf,0.12364095722833969,0.0
lawbench_YDLJ,baichuan-13b-base-hf,0.03383757355572874,0.0
lawbench_CJFT,baichuan-13b-chat-hf,0.33761387940443577,0.0
lawbench_FLZX,baichuan-13b-chat-hf,0.3467471678480311,0.0
lawbench_FTCS,baichuan-13b-chat-hf,0.09779569010801314,0.0
lawbench_JDZY,baichuan-13b-chat-hf,0.108,0.156
lawbench_JEC-AC,baichuan-13b-chat-hf,0.304,0.12
lawbench_JEC-KD,baichuan-13b-chat-hf,0.404,0.048
lawbench_JETQ,baichuan-13b-chat-hf,0.594,0.01
lawbench_LJP-Accusation,baichuan-13b-chat-hf,0.5020380952380948,0.202
lawbench_LJP-Article,baichuan-13b-chat-hf,0.46494669576279174,0.102
lawbench_LJP-Imprison-fatiao,baichuan-13b-chat-hf,2.5173207026395428,0.334
lawbench_LJP-Imprison,baichuan-13b-chat-hf,1.8973446943409982,0.188
lawbench_WBFL,baichuan-13b-chat-hf,0.35263286941517585,0.076
lawbench_XXCQ,baichuan-13b-chat-hf,0.5218462413696757,0.0
lawbench_YDLJ,baichuan-13b-chat-hf,0.6170871793449187,0.0
lawbench_CJFT,baichuan-7b-hf,0.06034389296768463,0.0
lawbench_FLZX,baichuan-7b-hf,0.18503941701473345,0.0
lawbench_FTCS,baichuan-7b-hf,0.03883499816790861,0.0
lawbench_JDZY,baichuan-7b-hf,0.096,0.458
lawbench_JEC-AC,baichuan-7b-hf,0.078,0.0
lawbench_JEC-KD,baichuan-7b-hf,0.004,0.0
lawbench_JETQ,baichuan-7b-hf,0.348,0.09
lawbench_LJP-Accusation,baichuan-7b-hf,0.3994367965367962,0.248
lawbench_LJP-Article,baichuan-7b-hf,0.40124460719762045,0.002
lawbench_LJP-Imprison-fatiao,baichuan-7b-hf,1.147042352697185,0.032
lawbench_LJP-Imprison,baichuan-7b-hf,1.1277373706190008,0.036
lawbench_WBFL,baichuan-7b-hf,0.3267033103956517,0.102
lawbench_XXCQ,baichuan-7b-hf,0.17791271361390423,0.0
lawbench_YDLJ,baichuan-7b-hf,0.034645034970777706,0.0
lawbench_CJFT,belle-2-13b-hf,0.3337124386287506,0.0
lawbench_FLZX,belle-2-13b-hf,0.32689235335797495,0.0
lawbench_FTCS,belle-2-13b-hf,0.16577881866212768,0.0
lawbench_JDZY,belle-2-13b-hf,0.13,0.568
lawbench_JEC-AC,belle-2-13b-hf,0.26,0.002
lawbench_JEC-KD,belle-2-13b-hf,0.214,0.002
lawbench_JETQ,belle-2-13b-hf,0.422,0.076
lawbench_LJP-Accusation,belle-2-13b-hf,0.1967333333333334,0.44
lawbench_LJP-Article,belle-2-13b-hf,0.02955744856596662,0.058
lawbench_LJP-Imprison-fatiao,belle-2-13b-hf,2.303066772858297,0.25
lawbench_LJP-Imprison,belle-2-13b-hf,1.970499175565123,0.166
lawbench_WBFL,belle-2-13b-hf,0.41760308497831733,0.012
lawbench_XXCQ,belle-2-13b-hf,0.5549223206564005,0.0
lawbench_YDLJ,belle-2-13b-hf,0.4330075962157957,0.0
lawbench_CJFT,chatglm2-6b-hf,0.3423390930284289,0.0
lawbench_FLZX,chatglm2-6b-hf,0.27718124354697055,0.0
lawbench_FTCS,chatglm2-6b-hf,0.1467091679149991,0.0
lawbench_JDZY,chatglm2-6b-hf,0.108,0.176
lawbench_JEC-AC,chatglm2-6b-hf,0.166,0.054
lawbench_JEC-KD,chatglm2-6b-hf,0.248,0.082
lawbench_JETQ,chatglm2-6b-hf,0.428,0.02
lawbench_LJP-Accusation,chatglm2-6b-hf,0.32094920634920604,0.36
lawbench_LJP-Article,chatglm2-6b-hf,0.1434143648235215,0.414
lawbench_LJP-Imprison-fatiao,chatglm2-6b-hf,2.07768923147057,0.23
lawbench_LJP-Imprison,chatglm2-6b-hf,3.319193316868418,0.514
lawbench_WBFL,chatglm2-6b-hf,0.10313753999623562,0.582
lawbench_XXCQ,chatglm2-6b-hf,0.3661185553195611,0.0
lawbench_YDLJ,chatglm2-6b-hf,0.3837966647416995,0.0
lawbench_CJFT,chatlaw-13b-hf,0.3395903748331818,0.0
lawbench_FLZX,chatlaw-13b-hf,0.33396099725989176,0.0
lawbench_FTCS,chatlaw-13b-hf,0.15977928565196817,0.0
lawbench_JDZY,chatlaw-13b-hf,0.09,0.17
lawbench_JEC-AC,chatlaw-13b-hf,0.268,0.0
lawbench_JEC-KD,chatlaw-13b-hf,0.294,0.0
lawbench_JETQ,chatlaw-13b-hf,0.42,0.036
lawbench_LJP-Accusation,chatlaw-13b-hf,0.12244761904761901,0.26
lawbench_LJP-Article,chatlaw-13b-hf,0.2598889109308537,0.004
lawbench_LJP-Imprison-fatiao,chatlaw-13b-hf,1.4510356768348398,0.054
lawbench_LJP-Imprison,chatlaw-13b-hf,1.3807637184977506,0.056
lawbench_WBFL,chatlaw-13b-hf,0.30910269151138736,0.476
lawbench_XXCQ,chatlaw-13b-hf,0.5900349700701975,0.0
lawbench_YDLJ,chatlaw-13b-hf,0.41411052055849024,0.0
lawbench_CJFT,chatlaw-33b-hf,0.2796711429597345,0.0
lawbench_FLZX,chatlaw-33b-hf,0.27576080907280726,0.0
lawbench_FTCS,chatlaw-33b-hf,0.14361075354034075,0.0
lawbench_JDZY,chatlaw-33b-hf,0.122,0.594
lawbench_JEC-AC,chatlaw-33b-hf,0.262,0.002
lawbench_JEC-KD,chatlaw-33b-hf,0.278,0.0
lawbench_JETQ,chatlaw-33b-hf,0.432,0.102
lawbench_LJP-Accusation,chatlaw-33b-hf,0.17540000000000003,0.58
lawbench_LJP-Article,chatlaw-33b-hf,0.048906493506493495,0.06
lawbench_LJP-Imprison-fatiao,chatlaw-33b-hf,2.5244999577319422,0.33
lawbench_LJP-Imprison,chatlaw-33b-hf,1.9727928388792688,0.2
lawbench_WBFL,chatlaw-33b-hf,0.3348761904761905,0.23
lawbench_XXCQ,chatlaw-33b-hf,0.05817566466575781,0.0
lawbench_YDLJ,chatlaw-33b-hf,0.38870703131934636,0.0
lawbench_CJFT,chinese-alpaca-2-7b-hf,0.2705883125683208,0.0
lawbench_FLZX,chinese-alpaca-2-7b-hf,0.24272154637466262,0.0
lawbench_FTCS,chinese-alpaca-2-7b-hf,0.1183551552413276,0.0
lawbench_JDZY,chinese-alpaca-2-7b-hf,0.126,0.59
lawbench_JEC-AC,chinese-alpaca-2-7b-hf,0.224,0.008
lawbench_JEC-KD,chinese-alpaca-2-7b-hf,0.14,0.012
lawbench_JETQ,chinese-alpaca-2-7b-hf,0.352,0.07
lawbench_LJP-Accusation,chinese-alpaca-2-7b-hf,0.3245999999999997,0.358
lawbench_LJP-Article,chinese-alpaca-2-7b-hf,0.0237047619047619,0.72
lawbench_LJP-Imprison-fatiao,chinese-alpaca-2-7b-hf,4.540363994995383,0.792
lawbench_LJP-Imprison,chinese-alpaca-2-7b-hf,5.071077543967659,0.92
lawbench_WBFL,chinese-alpaca-2-7b-hf,0.2964761904761906,0.162
lawbench_XXCQ,chinese-alpaca-2-7b-hf,0.3088529348190832,0.0
lawbench_YDLJ,chinese-alpaca-2-7b-hf,0.3770273519233551,0.0
lawbench_CJFT,chinese-llama-2-7b-hf,0.05970257292371924,0.0
lawbench_FLZX,chinese-llama-2-7b-hf,0.18222206649446834,0.0
lawbench_FTCS,chinese-llama-2-7b-hf,0.027664461700728987,0.0
lawbench_JDZY,chinese-llama-2-7b-hf,0.036,0.676
lawbench_JEC-AC,chinese-llama-2-7b-hf,0.078,0.03
lawbench_JEC-KD,chinese-llama-2-7b-hf,0.012,0.014
lawbench_JETQ,chinese-llama-2-7b-hf,0.324,0.15
lawbench_LJP-Accusation,chinese-llama-2-7b-hf,0.27528888888888886,0.474
lawbench_LJP-Article,chinese-llama-2-7b-hf,0.001911512457164027,0.62
lawbench_LJP-Imprison-fatiao,chinese-llama-2-7b-hf,3.038026151337919,0.424
lawbench_LJP-Imprison,chinese-llama-2-7b-hf,4.006323375295104,0.666
lawbench_WBFL,chinese-llama-2-7b-hf,0.07707980801298879,0.298
lawbench_XXCQ,chinese-llama-2-7b-hf,0.18482971688770844,0.0
lawbench_YDLJ,chinese-llama-2-7b-hf,0.0444917515271165,0.0
lawbench_CJFT,freewilly2_70b-hf,0.3243853413193056,0.0
lawbench_FLZX,freewilly2_70b-hf,0.28041163926313506,0.0
lawbench_FTCS,freewilly2_70b-hf,0.1502902768423875,0.0
lawbench_JDZY,freewilly2_70b-hf,0.15,0.35
lawbench_JEC-AC,freewilly2_70b-hf,0.33,0.0
lawbench_JEC-KD,freewilly2_70b-hf,0.36,0.0
lawbench_JETQ,freewilly2_70b-hf,0.56,0.008
lawbench_LJP-Accusation,freewilly2_70b-hf,0.23073333333333343,0.494
lawbench_LJP-Article,freewilly2_70b-hf,0.16874322344322348,0.024
lawbench_LJP-Imprison-fatiao,freewilly2_70b-hf,1.9570246287135682,0.152
lawbench_LJP-Imprison,freewilly2_70b-hf,1.3010486486651685,0.046
lawbench_WBFL,freewilly2_70b-hf,0.4176285714285713,0.016
lawbench_XXCQ,freewilly2_70b-hf,0.6327022679293095,0.0
lawbench_YDLJ,freewilly2_70b-hf,0.5355289962358529,0.0
lawbench_CJFT,gogpt-7b,0.22633077372712757,0.0
lawbench_FLZX,gogpt-7b,0.1731579874591198,0.0
lawbench_FTCS,gogpt-7b,0.08206387502418537,0.0
lawbench_JDZY,gogpt-7b,0.014,0.978
lawbench_JEC-AC,gogpt-7b,0.202,0.254
lawbench_JEC-KD,gogpt-7b,0.204,0.252
lawbench_JETQ,gogpt-7b,0.306,0.138
lawbench_LJP-Accusation,gogpt-7b,0.16393333333333335,0.436
lawbench_LJP-Article,gogpt-7b,0.0,0.886
lawbench_LJP-Imprison-fatiao,gogpt-7b,5.153352775414542,0.936
lawbench_LJP-Imprison,gogpt-7b,4.562362420094438,0.804
lawbench_WBFL,gogpt-7b,0.15173414285345233,0.38
lawbench_XXCQ,gogpt-7b,0.3629438691304156,0.0
lawbench_YDLJ,gogpt-7b,0.3531706036384946,0.0
lawbench_CJFT,GPT-3.5-turbo-0613,0.34493451000157255,0.0
lawbench_FLZX,GPT-3.5-turbo-0613,0.31501421225558746,0.0
lawbench_FTCS,GPT-3.5-turbo-0613,0.16145810423774803,0.0
lawbench_JDZY,GPT-3.5-turbo-0613,0.406,0.022
lawbench_JEC-AC,GPT-3.5-turbo-0613,0.316,0.0
lawbench_JEC-KD,GPT-3.5-turbo-0613,0.372,0.0
lawbench_JETQ,GPT-3.5-turbo-0613,0.664,0.0
lawbench_LJP-Accusation,GPT-3.5-turbo-0613,0.3454666666666664,0.324
lawbench_LJP-Article,GPT-3.5-turbo-0613,0.3081174769674772,0.012
lawbench_LJP-Imprison-fatiao,GPT-3.5-turbo-0613,1.4127246171092227,0.054
lawbench_LJP-Imprison,GPT-3.5-turbo-0613,1.2300816177216898,0.056
lawbench_WBFL,GPT-3.5-turbo-0613,0.5400777777777778,0.004
lawbench_XXCQ,GPT-3.5-turbo-0613,0.09495270941629458,0.0
lawbench_YDLJ,GPT-3.5-turbo-0613,0.6198206676560728,0.0
lawbench_CJFT,GPT4,0.3314697015007455,0.0
lawbench_FLZX,GPT4,0.37819306692302457,0.0
lawbench_FTCS,GPT4,0.17205683832285448,0.0
lawbench_JDZY,GPT4,0.46,0.0
lawbench_JEC-AC,GPT4,0.496,0.0
lawbench_JEC-KD,GPT4,0.548,0.002
lawbench_JETQ,GPT4,0.77,0.002
lawbench_LJP-Accusation,GPT4,0.4129999999999997,0.238
lawbench_LJP-Article,GPT4,0.532048196248196,0.004
lawbench_LJP-Imprison-fatiao,GPT4,0.9277676830032273,0.004
lawbench_LJP-Imprison,GPT4,0.902549976578512,0.004
lawbench_WBFL,GPT4,0.6998665223665232,0.0
lawbench_XXCQ,GPT4,0.7941552103380447,0.0
lawbench_YDLJ,GPT4,0.6480326952321696,0.0
lawbench_CJFT,internlm-7b-hf,0.059211668859764824,0.0
lawbench_FLZX,internlm-7b-hf,0.17750439591113457,0.0
lawbench_FTCS,internlm-7b-hf,0.027894632354838345,0.0
lawbench_JDZY,internlm-7b-hf,0.064,0.284
lawbench_JEC-AC,internlm-7b-hf,0.056,0.0
lawbench_JEC-KD,internlm-7b-hf,0.01,0.002
lawbench_JETQ,internlm-7b-hf,0.38,0.026
lawbench_LJP-Accusation,internlm-7b-hf,0.4143330891330889,0.198
lawbench_LJP-Article,internlm-7b-hf,0.4250407316902574,0.004
lawbench_LJP-Imprison-fatiao,internlm-7b-hf,1.2308857747181905,0.044
lawbench_LJP-Imprison,internlm-7b-hf,1.2525019783757534,0.026
lawbench_WBFL,internlm-7b-hf,0.267209964100004,0.016
lawbench_XXCQ,internlm-7b-hf,0.3556494935391523,0.0
lawbench_YDLJ,internlm-7b-hf,0.06038061158297766,0.0
lawbench_CJFT,internlm-chat-7b-8k-hf,0.28701176073783236,0.0
lawbench_FLZX,internlm-chat-7b-8k-hf,0.19961137810124502,0.0
lawbench_FTCS,internlm-chat-7b-8k-hf,0.151551899266849,0.0
lawbench_JDZY,internlm-chat-7b-8k-hf,0.366,0.1
lawbench_JEC-AC,internlm-chat-7b-8k-hf,0.362,0.0
lawbench_JEC-KD,internlm-chat-7b-8k-hf,0.406,0.002
lawbench_JETQ,internlm-chat-7b-8k-hf,0.44,0.008
lawbench_LJP-Accusation,internlm-chat-7b-8k-hf,0.4224666666666664,0.226
lawbench_LJP-Article,internlm-chat-7b-8k-hf,0.38880476190476176,0.074
lawbench_LJP-Imprison-fatiao,internlm-chat-7b-8k-hf,1.5534328575141412,0.13
lawbench_LJP-Imprison,internlm-chat-7b-8k-hf,1.7342800656257278,0.188
lawbench_WBFL,internlm-chat-7b-8k-hf,0.3091380952380953,0.166
lawbench_XXCQ,internlm-chat-7b-8k-hf,0.268558838263673,0.0
lawbench_YDLJ,internlm-chat-7b-8k-hf,0.5434819491649017,0.0
lawbench_CJFT,internlm-chat-7b-hf,0.29104769556370175,0.0
lawbench_FLZX,internlm-chat-7b-hf,0.25745421362241655,0.0
lawbench_FTCS,internlm-chat-7b-hf,0.13850114363165264,0.0
lawbench_JDZY,internlm-chat-7b-hf,0.342,0.14
lawbench_JEC-AC,internlm-chat-7b-hf,0.36,0.0
lawbench_JEC-KD,internlm-chat-7b-hf,0.396,0.002
lawbench_JETQ,internlm-chat-7b-hf,0.39,0.01
lawbench_LJP-Accusation,internlm-chat-7b-hf,0.40906666666666636,0.232
lawbench_LJP-Article,internlm-chat-7b-hf,0.3087714285714284,0.172
lawbench_LJP-Imprison-fatiao,internlm-chat-7b-hf,1.5910746027810225,0.142
lawbench_LJP-Imprison,internlm-chat-7b-hf,1.313234317438402,0.082
lawbench_WBFL,internlm-chat-7b-hf,0.2972000000000002,0.34
lawbench_XXCQ,internlm-chat-7b-hf,0.21667967336464822,0.0
lawbench_YDLJ,internlm-chat-7b-hf,0.5444039488746433,0.0
lawbench_CJFT,lawyer-llama-13b-hf,0.27227725692012317,0.0
lawbench_FLZX,lawyer-llama-13b-hf,0.3067727273534561,0.0
lawbench_FTCS,lawyer-llama-13b-hf,0.13039735103633598,0.0
lawbench_JDZY,lawyer-llama-13b-hf,0.192,0.16
lawbench_JEC-AC,lawyer-llama-13b-hf,0.066,0.592
lawbench_JEC-KD,lawyer-llama-13b-hf,0.106,0.238
lawbench_JETQ,lawyer-llama-13b-hf,0.338,0.026
lawbench_LJP-Accusation,lawyer-llama-13b-hf,0.1936190476190476,0.22
lawbench_LJP-Article,lawyer-llama-13b-hf,0.003333333333333333,0.024
lawbench_LJP-Imprison-fatiao,lawyer-llama-13b-hf,1.4213403213752542,0.032
lawbench_LJP-Imprison,lawyer-llama-13b-hf,1.559209093482431,0.06
lawbench_WBFL,lawyer-llama-13b-hf,0.09027389212095091,0.544
lawbench_XXCQ,lawyer-llama-13b-hf,0.05266446788253828,0.0
lawbench_YDLJ,lawyer-llama-13b-hf,0.3964905992677851,0.0
lawbench_CJFT,llama-13b,0.09995451471476678,0.0
lawbench_FLZX,llama-13b,0.14223871355414938,0.0
lawbench_FTCS,llama-13b,0.029967436960819778,0.0
lawbench_JDZY,llama-13b,0.06,0.464
lawbench_JEC-AC,llama-13b,0.064,0.008
lawbench_JEC-KD,llama-13b,0.026,0.0
lawbench_JETQ,llama-13b,0.336,0.096
lawbench_LJP-Accusation,llama-13b,0.12419999999999996,0.486
lawbench_LJP-Article,llama-13b,0.010133333333333333,0.102
lawbench_LJP-Imprison-fatiao,llama-13b,2.4961610947667574,0.332
lawbench_LJP-Imprison,llama-13b,1.4827231682173088,0.104
lawbench_WBFL,llama-13b,0.22485819832341622,0.258
lawbench_XXCQ,llama-13b,0.30794763086708793,0.0
lawbench_YDLJ,llama-13b,0.20513242499478163,0.0
lawbench_CJFT,llama-2-13b,0.11010710740349237,0.0
lawbench_FLZX,llama-2-13b,0.19168203855067475,0.0
lawbench_FTCS,llama-2-13b,0.03579827534792608,0.0
lawbench_JDZY,llama-2-13b,0.086,0.342
lawbench_JEC-AC,llama-2-13b,0.066,0.0
lawbench_JEC-KD,llama-2-13b,0.012,0.0
lawbench_JETQ,llama-2-13b,0.374,0.046
lawbench_LJP-Accusation,llama-2-13b,0.15067619047619046,0.364
lawbench_LJP-Article,llama-2-13b,0.03597150945303813,0.078
lawbench_LJP-Imprison-fatiao,llama-2-13b,2.4162301186279747,0.302
lawbench_LJP-Imprison,llama-2-13b,1.7017179085928842,0.146
lawbench_WBFL,llama-2-13b,0.31544366744366764,0.078
lawbench_XXCQ,llama-2-13b,0.2582108707325521,0.0
lawbench_YDLJ,llama-2-13b,0.2487940451899758,0.0
lawbench_CJFT,llama-2-13b-chat,0.13318649013886563,0.0
lawbench_FLZX,llama-2-13b-chat,0.0122914361666035,0.0
lawbench_FTCS,llama-2-13b-chat,0.016177255417312887,0.0
lawbench_JDZY,llama-2-13b-chat,0.062,0.224
lawbench_JEC-AC,llama-2-13b-chat,0.024,0.008
lawbench_JEC-KD,llama-2-13b-chat,0.038,0.016
lawbench_JETQ,llama-2-13b-chat,0.358,0.026
lawbench_LJP-Accusation,llama-2-13b-chat,0.16533333333333342,0.524
lawbench_LJP-Article,llama-2-13b-chat,0.005333333333333333,0.106
lawbench_LJP-Imprison-fatiao,llama-2-13b-chat,3.3320614310126184,0.508
lawbench_LJP-Imprison,llama-2-13b-chat,3.574318559881261,0.58
lawbench_WBFL,llama-2-13b-chat,0.30999568127091365,0.032
lawbench_XXCQ,llama-2-13b-chat,0.018,0.0
lawbench_YDLJ,llama-2-13b-chat,0.009697536748573841,0.0
lawbench_CJFT,llama-2-70b,0.11858102834642248,0.0
lawbench_FLZX,llama-2-70b,0.2257159673313102,0.0
lawbench_FTCS,llama-2-70b,0.03327872685544843,0.0
lawbench_JDZY,llama-2-70b,0.11,0.216
lawbench_JEC-AC,llama-2-70b,0.028,0.0
lawbench_JEC-KD,llama-2-70b,0.004,0.0
lawbench_JETQ,llama-2-70b,0.53,0.05
lawbench_LJP-Accusation,llama-2-70b,0.18500000000000005,0.408
lawbench_LJP-Article,llama-2-70b,0.1949743154571245,0.08
lawbench_LJP-Imprison-fatiao,llama-2-70b,2.1307605148355537,0.218
lawbench_LJP-Imprison,llama-2-70b,1.8246448030109816,0.108
lawbench_WBFL,llama-2-70b,0.3414879202481909,0.112
lawbench_XXCQ,llama-2-70b,0.3168333139694035,0.0
lawbench_YDLJ,llama-2-70b,0.2726713718285562,0.0
lawbench_CJFT,llama-2-70b-chat,0.014102471257539988,0.0
lawbench_FLZX,llama-2-70b-chat,0.05444512390997085,0.0
lawbench_FTCS,llama-2-70b-chat,0.007274773688138312,0.0
lawbench_JDZY,llama-2-70b-chat,0.174,0.33
lawbench_JEC-AC,llama-2-70b-chat,0.13,0.0
lawbench_JEC-KD,llama-2-70b-chat,0.11,0.0
lawbench_JETQ,llama-2-70b-chat,0.416,0.274
lawbench_LJP-Accusation,llama-2-70b-chat,0.15867619047619055,0.546
lawbench_LJP-Article,llama-2-70b-chat,0.06392125012267035,0.184
lawbench_LJP-Imprison-fatiao,llama-2-70b-chat,5.040988614947621,0.914
lawbench_LJP-Imprison,llama-2-70b-chat,4.667318760652857,0.828
lawbench_WBFL,llama-2-70b-chat,0.38050316786084093,0.068
lawbench_XXCQ,llama-2-70b-chat,0.02,0.0
lawbench_YDLJ,llama-2-70b-chat,0.011620678796355671,0.0
lawbench_CJFT,llama-2-7b,0.10423845845917686,0.0
lawbench_FLZX,llama-2-7b,0.1728358863775144,0.0
lawbench_FTCS,llama-2-7b,0.034207337186490015,0.0
lawbench_JDZY,llama-2-7b,0.068,0.52
lawbench_JEC-AC,llama-2-7b,0.088,0.0
lawbench_JEC-KD,llama-2-7b,0.018,0.002
lawbench_JETQ,llama-2-7b,0.32,0.032
lawbench_LJP-Accusation,llama-2-7b,0.12537142857142852,0.44
lawbench_LJP-Article,llama-2-7b,0.012868398268398269,0.078
lawbench_LJP-Imprison-fatiao,llama-2-7b,2.29219038081908,0.268
lawbench_LJP-Imprison,llama-2-7b,1.446531946319904,0.102
lawbench_WBFL,llama-2-7b,0.19228514760093737,0.212
lawbench_XXCQ,llama-2-7b,0.3453518049177372,0.0
lawbench_YDLJ,llama-2-7b,0.23533659004357732,0.0
lawbench_CJFT,llama-2-7b-chat,0.012176666237069114,0.0
lawbench_FLZX,llama-2-7b-chat,0.003606408089237775,0.0
lawbench_FTCS,llama-2-7b-chat,0.008241765333598255,0.0
lawbench_JDZY,llama-2-7b-chat,0.034,0.504
lawbench_JEC-AC,llama-2-7b-chat,0.054,0.04
lawbench_JEC-KD,llama-2-7b-chat,0.074,0.088
lawbench_JETQ,llama-2-7b-chat,0.298,0.134
lawbench_LJP-Accusation,llama-2-7b-chat,0.06546666666666669,0.456
lawbench_LJP-Article,llama-2-7b-chat,0.01,0.112
lawbench_LJP-Imprison-fatiao,llama-2-7b-chat,4.9368501095529,0.888
lawbench_LJP-Imprison,llama-2-7b-chat,4.461579925923316,0.782
lawbench_WBFL,llama-2-7b-chat,0.1677636363636364,0.224
lawbench_XXCQ,llama-2-7b-chat,0.03421618097729069,0.0
lawbench_YDLJ,llama-2-7b-chat,0.0063520188535977915,0.0
lawbench_CJFT,llama-2-chinese-13b-hf,0.1946592251206887,0.0
lawbench_FLZX,llama-2-chinese-13b-hf,0.1741605181202284,0.0
lawbench_FTCS,llama-2-chinese-13b-hf,0.0,0.0
lawbench_JDZY,llama-2-chinese-13b-hf,0.1,0.656
lawbench_JEC-AC,llama-2-chinese-13b-hf,0.226,0.344
lawbench_JEC-KD,llama-2-chinese-13b-hf,0.032,0.898
lawbench_JETQ,llama-2-chinese-13b-hf,0.336,0.3
lawbench_LJP-Accusation,llama-2-chinese-13b-hf,0.097,0.72
lawbench_LJP-Article,llama-2-chinese-13b-hf,0.004,0.47
lawbench_LJP-Imprison-fatiao,llama-2-chinese-13b-hf,4.002169605189492,0.666
lawbench_LJP-Imprison,llama-2-chinese-13b-hf,1.9940387491782279,0.222
lawbench_WBFL,llama-2-chinese-13b-hf,0.2418027341079976,0.022
lawbench_XXCQ,llama-2-chinese-13b-hf,0.43468353211627975,0.0
lawbench_YDLJ,llama-2-chinese-13b-hf,0.19786250997575533,0.0
lawbench_CJFT,llama-2-chinese-7b-hf,0.3099288913034035,0.0
lawbench_FLZX,llama-2-chinese-7b-hf,0.15563593974164186,0.0
lawbench_FTCS,llama-2-chinese-7b-hf,0.0,0.0
lawbench_JDZY,llama-2-chinese-7b-hf,0.052,0.814
lawbench_JEC-AC,llama-2-chinese-7b-hf,0.018,0.934
lawbench_JEC-KD,llama-2-chinese-7b-hf,0.004,0.978
lawbench_JETQ,llama-2-chinese-7b-hf,0.232,0.388
lawbench_LJP-Accusation,llama-2-chinese-7b-hf,0.08186666666666664,0.66
lawbench_LJP-Article,llama-2-chinese-7b-hf,0.0,0.568
lawbench_LJP-Imprison-fatiao,llama-2-chinese-7b-hf,4.0487011328364755,0.678
lawbench_LJP-Imprison,llama-2-chinese-7b-hf,4.492621133113817,0.782
lawbench_WBFL,llama-2-chinese-7b-hf,0.11267619047619042,0.488
lawbench_XXCQ,llama-2-chinese-7b-hf,0.30977224148644034,0.0
lawbench_YDLJ,llama-2-chinese-7b-hf,0.11704677429733781,0.0
lawbench_CJFT,llama-30b,0.1000994313610246,0.0
lawbench_FLZX,llama-30b,0.18216196328358952,0.0
lawbench_FTCS,llama-30b,0.03148944810359942,0.0
lawbench_JDZY,llama-30b,0.096,0.292
lawbench_JEC-AC,llama-30b,0.074,0.004
lawbench_JEC-KD,llama-30b,0.01,0.004
lawbench_JETQ,llama-30b,0.496,0.018
lawbench_LJP-Accusation,llama-30b,0.12799999999999997,0.61
lawbench_LJP-Article,llama-30b,0.04059119876469462,0.088
lawbench_LJP-Imprison-fatiao,llama-30b,2.6490839889807476,0.348
lawbench_LJP-Imprison,llama-30b,1.8368141443400523,0.164
lawbench_WBFL,llama-30b,0.26740445593054335,0.034
lawbench_XXCQ,llama-30b,0.08832619471125258,0.0
lawbench_YDLJ,llama-30b,0.23410919198808905,0.0
lawbench_CJFT,llama-65b,0.09936007792005855,0.0
lawbench_FLZX,llama-65b,0.15845418925115484,0.0
lawbench_FTCS,llama-65b,0.020017020290897018,0.0
lawbench_JDZY,llama-65b,0.092,0.312
lawbench_JEC-AC,llama-65b,0.068,0.006
lawbench_JEC-KD,llama-65b,0.012,0.0
lawbench_JETQ,llama-65b,0.328,0.032
lawbench_LJP-Accusation,llama-65b,0.12513333333333332,0.444
lawbench_LJP-Article,llama-65b,0.060017262413488114,0.092
lawbench_LJP-Imprison-fatiao,llama-65b,2.0995885039709212,0.242
lawbench_LJP-Imprison,llama-65b,1.515573299094083,0.102
lawbench_WBFL,llama-65b,0.23876435714044442,0.216
lawbench_XXCQ,llama-65b,0.2030120996726932,0.0
lawbench_YDLJ,llama-65b,0.2526441803966123,0.0
lawbench_CJFT,llama-7b,0.1015647374005436,0.0
lawbench_FLZX,llama-7b,0.14898066333844154,0.0
lawbench_FTCS,llama-7b,0.03140605558324334,0.0
lawbench_JDZY,llama-7b,0.05,0.48
lawbench_JEC-AC,llama-7b,0.068,0.004
lawbench_JEC-KD,llama-7b,0.012,0.002
lawbench_JETQ,llama-7b,0.274,0.092
lawbench_LJP-Accusation,llama-7b,0.10446666666666664,0.754
lawbench_LJP-Article,llama-7b,0.0038,0.09
lawbench_LJP-Imprison-fatiao,llama-7b,2.66220774012989,0.348
lawbench_LJP-Imprison,llama-7b,2.2181412935882334,0.252
lawbench_WBFL,llama-7b,0.2545361173741984,0.124
lawbench_XXCQ,llama-7b,0.16736117215247323,0.0
lawbench_YDLJ,llama-7b,0.21931514052714274,0.0
lawbench_CJFT,moss-moon-003-base-hf,0.05142796987968376,0.0
lawbench_FLZX,moss-moon-003-base-hf,0.16478599711302536,0.0
lawbench_FTCS,moss-moon-003-base-hf,0.030913687262718287,0.0
lawbench_JDZY,moss-moon-003-base-hf,0.03,0.14
lawbench_JEC-AC,moss-moon-003-base-hf,0.028,0.0
lawbench_JEC-KD,moss-moon-003-base-hf,0.004,0.0
lawbench_JETQ,moss-moon-003-base-hf,0.292,0.252
lawbench_LJP-Accusation,moss-moon-003-base-hf,0.07591428571428571,0.746
lawbench_LJP-Article,moss-moon-003-base-hf,0.18239756459292622,0.202
lawbench_LJP-Imprison-fatiao,moss-moon-003-base-hf,1.9697583070669142,0.206
lawbench_LJP-Imprison,moss-moon-003-base-hf,1.2066086885774874,0.052
lawbench_WBFL,moss-moon-003-base-hf,0.17439823938568738,0.174
lawbench_XXCQ,moss-moon-003-base-hf,0.2634482800037123,0.0
lawbench_YDLJ,moss-moon-003-base-hf,0.026202466948911037,0.0
lawbench_CJFT,moss-moon-003-sft-hf,0.04812232447660579,0.0
lawbench_FLZX,moss-moon-003-sft-hf,0.1579310904854284,0.0
lawbench_FTCS,moss-moon-003-sft-hf,0.020726528568357768,0.0
lawbench_JDZY,moss-moon-003-sft-hf,0.038,0.34
lawbench_JEC-AC,moss-moon-003-sft-hf,0.02,0.032
lawbench_JEC-KD,moss-moon-003-sft-hf,0.014,0.178
lawbench_JETQ,moss-moon-003-sft-hf,0.292,0.042
lawbench_LJP-Accusation,moss-moon-003-sft-hf,0.11310293040293033,0.45
lawbench_LJP-Article,moss-moon-003-sft-hf,0.18028812671291417,0.07
lawbench_LJP-Imprison-fatiao,moss-moon-003-sft-hf,1.3085148313851531,0.064
lawbench_LJP-Imprison,moss-moon-003-sft-hf,1.604583440999716,0.108
lawbench_WBFL,moss-moon-003-sft-hf,0.21163498821888285,0.1
lawbench_XXCQ,moss-moon-003-sft-hf,0.17560129104543395,0.0
lawbench_YDLJ,moss-moon-003-sft-hf,0.022771205430348246,0.0
lawbench_CJFT,mpt-7b-hf,0.09821075989909223,0.0
lawbench_FLZX,mpt-7b-hf,0.13751261695211567,0.0
lawbench_FTCS,mpt-7b-hf,0.03262222944167043,0.0
lawbench_JDZY,mpt-7b-hf,0.04,0.426
lawbench_JEC-AC,mpt-7b-hf,0.02,0.0
lawbench_JEC-KD,mpt-7b-hf,0.004,0.002
lawbench_JETQ,mpt-7b-hf,0.328,0.114
lawbench_LJP-Accusation,mpt-7b-hf,0.038599999999999995,0.888
lawbench_LJP-Article,mpt-7b-hf,0.004027777777777778,0.034
lawbench_LJP-Imprison-fatiao,mpt-7b-hf,2.3739000145051494,0.292
lawbench_LJP-Imprison,mpt-7b-hf,2.030084885521907,0.186
lawbench_WBFL,mpt-7b-hf,0.2237198793085592,0.18
lawbench_XXCQ,mpt-7b-hf,0.34893841518288954,0.0
lawbench_YDLJ,mpt-7b-hf,0.043875383445822806,0.0
lawbench_CJFT,mpt-instruct-7b-hf,0.07880612836598011,0.0
lawbench_FLZX,mpt-instruct-7b-hf,0.12999466871901458,0.0
lawbench_FTCS,mpt-instruct-7b-hf,0.02060871754615279,0.0
lawbench_JDZY,mpt-instruct-7b-hf,0.042,0.49
lawbench_JEC-AC,mpt-instruct-7b-hf,0.206,0.096
lawbench_JEC-KD,mpt-instruct-7b-hf,0.02,0.164
lawbench_JETQ,mpt-instruct-7b-hf,0.294,0.09
lawbench_LJP-Accusation,mpt-instruct-7b-hf,0.057542857142857146,0.38
lawbench_LJP-Article,mpt-instruct-7b-hf,0.0018307123623521058,0.134
lawbench_LJP-Imprison-fatiao,mpt-instruct-7b-hf,3.3660998594713862,0.516
lawbench_LJP-Imprison,mpt-instruct-7b-hf,4.628474838779415,0.802
lawbench_WBFL,mpt-instruct-7b-hf,0.16384101637433202,0.152
lawbench_XXCQ,mpt-instruct-7b-hf,0.36962654631137465,0.0
lawbench_YDLJ,mpt-instruct-7b-hf,0.10632899793775215,0.0
lawbench_CJFT,qwen-7b-chat-hf,0.3449441684170307,0.0
lawbench_FLZX,qwen-7b-chat-hf,0.3698226904145402,0.0
lawbench_FTCS,qwen-7b-chat-hf,0.17726232096469485,0.0
lawbench_JDZY,qwen-7b-chat-hf,0.274,0.384
lawbench_JEC-AC,qwen-7b-chat-hf,0.268,0.0
lawbench_JEC-KD,qwen-7b-chat-hf,0.286,0.0
lawbench_JETQ,qwen-7b-chat-hf,0.446,0.0
lawbench_LJP-Accusation,qwen-7b-chat-hf,0.39913333333333306,0.262
lawbench_LJP-Article,qwen-7b-chat-hf,0.5286222222222219,0.034
lawbench_LJP-Imprison-fatiao,qwen-7b-chat-hf,1.401664378934968,0.116
lawbench_LJP-Imprison,qwen-7b-chat-hf,1.157034766255357,0.06
lawbench_WBFL,qwen-7b-chat-hf,0.3296,0.218
lawbench_XXCQ,qwen-7b-chat-hf,0.3601381533271382,0.0
lawbench_YDLJ,qwen-7b-chat-hf,0.4671475251968263,0.0
lawbench_CJFT,qwen-7b-hf,0.051464901861283635,0.0
lawbench_FLZX,qwen-7b-hf,0.06884385985173708,0.0
lawbench_FTCS,qwen-7b-hf,0.0,0.0
lawbench_JDZY,qwen-7b-hf,0.088,0.626
lawbench_JEC-AC,qwen-7b-hf,0.006,0.778
lawbench_JEC-KD,qwen-7b-hf,0.0,0.81
lawbench_JETQ,qwen-7b-hf,0.446,0.01
lawbench_LJP-Accusation,qwen-7b-hf,0.3063428571428571,0.428
lawbench_LJP-Article,qwen-7b-hf,0.03353030303030303,0.89
lawbench_LJP-Imprison-fatiao,qwen-7b-hf,2.601815816764457,0.336
lawbench_LJP-Imprison,qwen-7b-hf,1.1883043784629739,0.05
lawbench_WBFL,qwen-7b-hf,0.23169420965507959,0.214
lawbench_XXCQ,qwen-7b-hf,0.4193858292707375,0.0
lawbench_YDLJ,qwen-7b-hf,0.0669145150663499,0.0
lawbench_CJFT,tigerbot-base-7b-hf,0.29455516488054767,0.0
lawbench_FLZX,tigerbot-base-7b-hf,0.2832395069763582,0.0
lawbench_FTCS,tigerbot-base-7b-hf,0.1408547829459283,0.0
lawbench_JDZY,tigerbot-base-7b-hf,0.044,0.488
lawbench_JEC-AC,tigerbot-base-7b-hf,0.01,0.8
lawbench_JEC-KD,tigerbot-base-7b-hf,0.002,0.696
lawbench_JETQ,tigerbot-base-7b-hf,0.232,0.314
lawbench_LJP-Accusation,tigerbot-base-7b-hf,0.21813333333333343,0.47
lawbench_LJP-Article,tigerbot-base-7b-hf,0.1482616585933985,0.384
lawbench_LJP-Imprison-fatiao,tigerbot-base-7b-hf,3.4135865209803558,0.538
lawbench_LJP-Imprison,tigerbot-base-7b-hf,1.4800337658582816,0.086
lawbench_WBFL,tigerbot-base-7b-hf,0.16937148553201192,0.388
lawbench_XXCQ,tigerbot-base-7b-hf,0.09787003209466702,0.0
lawbench_YDLJ,tigerbot-base-7b-hf,0.3646768790213743,0.0
lawbench_CJFT,tigerbot-sft-7b-hf,0.28485109658623214,0.0
lawbench_FLZX,tigerbot-sft-7b-hf,0.3032795936223716,0.0
lawbench_FTCS,tigerbot-sft-7b-hf,0.11087656492158758,0.0
lawbench_JDZY,tigerbot-sft-7b-hf,0.026,0.044
lawbench_JEC-AC,tigerbot-sft-7b-hf,0.026,0.012
lawbench_JEC-KD,tigerbot-sft-7b-hf,0.062,0.028
lawbench_JETQ,tigerbot-sft-7b-hf,0.378,0.042
lawbench_LJP-Accusation,tigerbot-sft-7b-hf,0.1577190476190477,0.23
lawbench_LJP-Article,tigerbot-sft-7b-hf,0.04933333333333334,0.552
lawbench_LJP-Imprison-fatiao,tigerbot-sft-7b-hf,1.4857802873788255,0.114
lawbench_LJP-Imprison,tigerbot-sft-7b-hf,1.1802417732631525,0.05
lawbench_WBFL,tigerbot-sft-7b-hf,0.1741832406723714,0.12
lawbench_XXCQ,tigerbot-sft-7b-hf,0.5504681300414551,0.0
lawbench_YDLJ,tigerbot-sft-7b-hf,0.47291705059021966,0.0
lawbench_CJFT,vicuna-13b-hf,0.14385575093953695,0.0
lawbench_FLZX,vicuna-13b-hf,0.25895637486954715,0.0
lawbench_FTCS,vicuna-13b-hf,0.06010252425235236,0.0
lawbench_JDZY,vicuna-13b-hf,0.05,0.582
lawbench_JEC-AC,vicuna-13b-hf,0.124,0.006
lawbench_JEC-KD,vicuna-13b-hf,0.144,0.0
lawbench_JETQ,vicuna-13b-hf,0.292,0.246
lawbench_LJP-Accusation,vicuna-13b-hf,0.10833333333333332,0.72
lawbench_LJP-Article,vicuna-13b-hf,0.010395618149654088,0.214
lawbench_LJP-Imprison-fatiao,vicuna-13b-hf,4.204400004054876,0.724
lawbench_LJP-Imprison,vicuna-13b-hf,3.1749243337985247,0.464
lawbench_WBFL,vicuna-13b-hf,0.2617425261693335,0.126
lawbench_XXCQ,vicuna-13b-hf,0.34885016526446133,0.0
lawbench_YDLJ,vicuna-13b-hf,0.20332933894884841,0.0
lawbench_CJFT,vicuna-33b-hf,0.20157098497403542,0.0
lawbench_FLZX,vicuna-33b-hf,0.22172094022820654,0.0
lawbench_FTCS,vicuna-33b-hf,0.07674739223321982,0.0
lawbench_JDZY,vicuna-33b-hf,0.054,0.634
lawbench_JEC-AC,vicuna-33b-hf,0.284,0.004
lawbench_JEC-KD,vicuna-33b-hf,0.228,0.012
lawbench_JETQ,vicuna-33b-hf,0.3,0.072
lawbench_LJP-Accusation,vicuna-33b-hf,0.12239999999999998,0.594
lawbench_LJP-Article,vicuna-33b-hf,0.029690660654505704,0.154
lawbench_LJP-Imprison-fatiao,vicuna-33b-hf,4.445072098033697,0.768
lawbench_LJP-Imprison,vicuna-33b-hf,2.807659746648367,0.38
lawbench_WBFL,vicuna-33b-hf,0.2343690381513915,0.116
lawbench_XXCQ,vicuna-33b-hf,0.36158698806479,0.0
lawbench_YDLJ,vicuna-33b-hf,0.24644516534291616,0.0
lawbench_CJFT,vicuna-7b-hf,0.1694618676897991,0.0
lawbench_FLZX,vicuna-7b-hf,0.2561948709799607,0.0
lawbench_FTCS,vicuna-7b-hf,0.11991068262512808,0.0
lawbench_JDZY,vicuna-7b-hf,0.066,0.472
lawbench_JEC-AC,vicuna-7b-hf,0.026,0.004
lawbench_JEC-KD,vicuna-7b-hf,0.016,0.0
lawbench_JETQ,vicuna-7b-hf,0.384,0.08
lawbench_LJP-Accusation,vicuna-7b-hf,0.0878,0.742
lawbench_LJP-Article,vicuna-7b-hf,0.00237984496124031,0.744
lawbench_LJP-Imprison-fatiao,vicuna-7b-hf,4.337421667524896,0.74
lawbench_LJP-Imprison,vicuna-7b-hf,4.665467053157063,0.808
lawbench_WBFL,vicuna-7b-hf,0.23355376111452358,0.09
lawbench_XXCQ,vicuna-7b-hf,0.3441965304610654,0.0
lawbench_YDLJ,vicuna-7b-hf,0.09917712645969286,0.0
lawbench_CJFT,wizardlm-7b-hf,0.2810015376609705,0.0
lawbench_FLZX,wizardlm-7b-hf,0.22174612698056145,0.0
lawbench_FTCS,wizardlm-7b-hf,0.10811702410214502,0.0
lawbench_JDZY,wizardlm-7b-hf,0.024,0.756
lawbench_JEC-AC,wizardlm-7b-hf,0.162,0.18
lawbench_JEC-KD,wizardlm-7b-hf,0.086,0.04
lawbench_JETQ,wizardlm-7b-hf,0.308,0.158
lawbench_LJP-Accusation,wizardlm-7b-hf,0.05300000000000001,0.556
lawbench_LJP-Article,wizardlm-7b-hf,0.006676139637349601,0.2
lawbench_LJP-Imprison-fatiao,wizardlm-7b-hf,3.3538876448316155,0.516
lawbench_LJP-Imprison,wizardlm-7b-hf,3.3581854524738204,0.526
lawbench_WBFL,wizardlm-7b-hf,0.17240152416345747,0.068
lawbench_XXCQ,wizardlm-7b-hf,0.27827250121327174,0.0
lawbench_YDLJ,wizardlm-7b-hf,0.1328632088358502,0.0
lawbench_CJFT,xverse-13b-hf,0.06928345769876466,0.0
lawbench_FLZX,xverse-13b-hf,0.2333559515337404,0.0
lawbench_FTCS,xverse-13b-hf,0.024339856266816597,0.0
lawbench_JDZY,xverse-13b-hf,0.008,0.184
lawbench_JEC-AC,xverse-13b-hf,0.0,0.0
lawbench_JEC-KD,xverse-13b-hf,0.0,0.022
lawbench_JETQ,xverse-13b-hf,0.366,0.044
lawbench_LJP-Accusation,xverse-13b-hf,0.1552367965367966,0.046
lawbench_LJP-Article,xverse-13b-hf,0.012382905982905985,0.066
lawbench_LJP-Imprison-fatiao,xverse-13b-hf,1.8812450528000637,0.19
lawbench_LJP-Imprison,xverse-13b-hf,1.3153786082267236,0.072
lawbench_WBFL,xverse-13b-hf,0.15789462121985404,0.016
lawbench_XXCQ,xverse-13b-hf,0.017104109777002784,0.0
lawbench_YDLJ,xverse-13b-hf,0.03694899803647771,0.0
lawbench_CJFT,yulan-chat-2-13b-fp16-hf,0.33019465914995205,0.0
lawbench_FLZX,yulan-chat-2-13b-fp16-hf,0.37350825320043524,0.0
lawbench_FTCS,yulan-chat-2-13b-fp16-hf,0.1540552103762481,0.0
lawbench_JDZY,yulan-chat-2-13b-fp16-hf,0.302,0.142
lawbench_JEC-AC,yulan-chat-2-13b-fp16-hf,0.184,0.002
lawbench_JEC-KD,yulan-chat-2-13b-fp16-hf,0.214,0.0
lawbench_JETQ,yulan-chat-2-13b-fp16-hf,0.494,0.01
lawbench_LJP-Accusation,yulan-chat-2-13b-fp16-hf,0.38940952380952343,0.234
lawbench_LJP-Article,yulan-chat-2-13b-fp16-hf,0.0514771470478677,0.02
lawbench_LJP-Imprison-fatiao,yulan-chat-2-13b-fp16-hf,1.3951338030954998,0.052
lawbench_LJP-Imprison,yulan-chat-2-13b-fp16-hf,1.2974811362451215,0.042
lawbench_WBFL,yulan-chat-2-13b-fp16-hf,0.3400142857142857,0.106
lawbench_XXCQ,yulan-chat-2-13b-fp16-hf,0.17006183951028797,0.0
lawbench_YDLJ,yulan-chat-2-13b-fp16-hf,0.34403250493682686,0.0
lawbench_CJFT,ziya-llama-13b-hf,0.3362969873623393,0.0
lawbench_FLZX,ziya-llama-13b-hf,0.24796389865264892,0.0
lawbench_FTCS,ziya-llama-13b-hf,0.0,0.0
lawbench_JDZY,ziya-llama-13b-hf,0.154,0.48
lawbench_JEC-AC,ziya-llama-13b-hf,0.26,0.02
lawbench_JEC-KD,ziya-llama-13b-hf,0.28,0.01
lawbench_JETQ,ziya-llama-13b-hf,0.242,0.078
lawbench_LJP-Accusation,ziya-llama-13b-hf,0.2598000000000001,0.372
lawbench_LJP-Article,ziya-llama-13b-hf,0.05826934523809524,0.794
lawbench_LJP-Imprison-fatiao,ziya-llama-13b-hf,5.345974954924109,0.986
lawbench_LJP-Imprison,ziya-llama-13b-hf,5.133002696620681,0.934
lawbench_WBFL,ziya-llama-13b-hf,0.42751522366522343,0.09
lawbench_XXCQ,ziya-llama-13b-hf,0.5683553694689876,0.0
lawbench_YDLJ,ziya-llama-13b-hf,0.07638396201523254,0.0
